﻿<?xml version="1.0"?>
<flash_profile version="1.0" name="Default">
  <PublishFormatProperties enabled="true">
    <defaultNames>1</defaultNames>
    <flash>1</flash>
    <generator>0</generator>
    <projectorWin>0</projectorWin>
    <projectorMac>0</projectorMac>
    <html>1</html>
    <gif>0</gif>
    <jpeg>0</jpeg>
    <png>0</png>
    <qt>0</qt>
    <rnwk>0</rnwk>
    <flashDefaultName>1</flashDefaultName>
    <generatorDefaultName>1</generatorDefaultName>
    <projectorWinDefaultName>1</projectorWinDefaultName>
    <projectorMacDefaultName>1</projectorMacDefaultName>
    <htmlDefaultName>1</htmlDefaultName>
    <gifDefaultName>1</gifDefaultName>
    <jpegDefaultName>1</jpegDefaultName>
    <pngDefaultName>1</pngDefaultName>
    <qtDefaultName>1</qtDefaultName>
    <rnwkDefaultName>1</rnwkDefaultName>
    <flashFileName>MediaContainerSample.swf</flashFileName>
    <generatorFileName>MediaContainerSample.swt</generatorFileName>
    <projectorWinFileName>MediaContainerSample.exe</projectorWinFileName>
    <projectorMacFileName>MediaContainerSample.app</projectorMacFileName>
    <htmlFileName>MediaContainerSample.html</htmlFileName>
    <gifFileName>MediaContainerSample.gif</gifFileName>
    <jpegFileName>MediaContainerSample.jpg</jpegFileName>
    <pngFileName>MediaContainerSample.png</pngFileName>
    <qtFileName>MediaContainerSample.mov</qtFileName>
    <rnwkFileName>MediaContainerSample.smil</rnwkFileName>
  </PublishFormatProperties>
  <PublishHtmlProperties enabled="true">
    <VersionDetectionIfAvailable>0</VersionDetectionIfAvailable>
    <VersionInfo>10,0,2,0;9,0,124,0;8,0,24,0;7,0,14,0;6,0,79,0;5,0,58,0;4,0,32,0;3,0,8,0;2,0,1,12;1,0,0,1;</VersionInfo>
    <UsingDefaultContentFilename>1</UsingDefaultContentFilename>
    <UsingDefaultAlternateFilename>1</UsingDefaultAlternateFilename>
    <ContentFilename>MediaContainerSample_content.html</ContentFilename>
    <AlternateFilename>MediaContainerSample_alternate.html</AlternateFilename>
    <UsingOwnAlternateFile>0</UsingOwnAlternateFile>
    <OwnAlternateFilename></OwnAlternateFilename>
    <Width>100</Width>
    <Height>100</Height>
    <Align>0</Align>
    <Units>2</Units>
    <Loop>0</Loop>
    <StartPaused>0</StartPaused>
    <Scale>3</Scale>
    <HorizontalAlignment>1</HorizontalAlignment>
    <VerticalAlignment>1</VerticalAlignment>
    <Quality>4</Quality>
    <DeblockingFilter>0</DeblockingFilter>
    <WindowMode>0</WindowMode>
    <DisplayMenu>1</DisplayMenu>
    <DeviceFont>0</DeviceFont>
    <TemplateFileName>/Users/oconnell/Library/Application Support/Adobe/Flash CS4/en/Configuration/HTML/DefaultWithFullScreen.html</TemplateFileName>
    <showTagWarnMsg>1</showTagWarnMsg>
  </PublishHtmlProperties>
  <PublishFlashProperties enabled="true">
    <TopDown></TopDown>
    <FireFox></FireFox>
    <Report>0</Report>
    <Protect>0</Protect>
    <OmitTraceActions>0</OmitTraceActions>
    <Quality>80</Quality>
    <DeblockingFilter>0</DeblockingFilter>
    <StreamFormat>0</StreamFormat>
    <StreamCompress>7</StreamCompress>
    <EventFormat>0</EventFormat>
    <EventCompress>7</EventCompress>
    <OverrideSounds>0</OverrideSounds>
    <Version>10</Version>
    <ExternalPlayer>FlashPlayer10</ExternalPlayer>
    <ActionScriptVersion>3</ActionScriptVersion>
    <PackageExportFrame>1</PackageExportFrame>
    <PackagePaths></PackagePaths>
    <AS3PackagePaths>.;../../../../libs/ChromeLibrary;../../../../framework/OSMF</AS3PackagePaths>
    <AS3LibraryPaths>$(AppConfig)/ActionScript 3.0/libs</AS3LibraryPaths>
    <AS3ExternalLibraryPaths>.</AS3ExternalLibraryPaths>
    <AS3ConfigConst>CONFIG::FLASH_AUTHORING=&quot;true&quot;;CONFIG::LOGGING=&quot;false&quot;;CONFIG::FLASH_10_1=&quot;false&quot;;</AS3ConfigConst>
    <DebuggingPermitted>0</DebuggingPermitted>
    <DebuggingPassword></DebuggingPassword>
    <CompressMovie>1</CompressMovie>
    <InvisibleLayer>1</InvisibleLayer>
    <DeviceSound>0</DeviceSound>
    <StreamUse8kSampleRate>0</StreamUse8kSampleRate>
    <EventUse8kSampleRate>0</EventUse8kSampleRate>
    <UseNetwork>0</UseNetwork>
    <DocumentClass>MediaContainerSample</DocumentClass>
    <AS3Strict>1</AS3Strict>
    <AS3Coach>1</AS3Coach>
    <AS3AutoDeclare>1</AS3AutoDeclare>
    <AS3Dialect>AS3</AS3Dialect>
    <AS3ExportFrame>1</AS3ExportFrame>
    <AS3Optimize>1</AS3Optimize>
    <ExportSwc>0</ExportSwc>
    <ScriptStuckDelay>15</ScriptStuckDelay>
    <IncludeXMP>1</IncludeXMP>
    <HardwareAcceleration>0</HardwareAcceleration>
  </PublishFlashProperties>
  <PublishJpegProperties enabled="true">
    <Width>550</Width>
    <Height>400</Height>
    <Progressive>0</Progressive>
    <DPI>4718592</DPI>
    <Size>0</Size>
    <Quality>80</Quality>
    <MatchMovieDim>1</MatchMovieDim>
  </PublishJpegProperties>
  <PublishRNWKProperties enabled="true">
    <exportFlash>1</exportFlash>
    <flashBitRate>0</flashBitRate>
    <exportAudio>1</exportAudio>
    <audioFormat>0</audioFormat>
    <singleRateAudio>0</singleRateAudio>
    <realVideoRate>100000</realVideoRate>
    <speed28K>1</speed28K>
    <speed56K>1</speed56K>
    <speedSingleISDN>0</speedSingleISDN>
    <speedDualISDN>0</speedDualISDN>
    <speedCorporateLAN>0</speedCorporateLAN>
    <speed256K>0</speed256K>
    <speed384K>0</speed384K>
    <speed512K>0</speed512K>
    <exportSMIL>1</exportSMIL>
  </PublishRNWKProperties>
  <PublishGifProperties enabled="true">
    <Width>550</Width>
    <Height>400</Height>
    <Animated>0</Animated>
    <MatchMovieDim>1</MatchMovieDim>
    <Loop>1</Loop>
    <LoopCount></LoopCount>
    <OptimizeColors>1</OptimizeColors>
    <Interlace>0</Interlace>
    <Smooth>1</Smooth>
    <DitherSolids>0</DitherSolids>
    <RemoveGradients>0</RemoveGradients>
    <TransparentOption></TransparentOption>
    <TransparentAlpha>128</TransparentAlpha>
    <DitherOption></DitherOption>
    <PaletteOption></PaletteOption>
    <MaxColors>255</MaxColors>
    <PaletteName></PaletteName>
  </PublishGifProperties>
  <PublishPNGProperties enabled="true">
    <Width>550</Width>
    <Height>400</Height>
    <OptimizeColors>1</OptimizeColors>
    <Interlace>0</Interlace>
    <Transparent>0</Transparent>
    <Smooth>1</Smooth>
    <DitherSolids>0</DitherSolids>
    <RemoveGradients>0</RemoveGradients>
    <MatchMovieDim>1</MatchMovieDim>
    <DitherOption></DitherOption>
    <FilterOption></FilterOption>
    <PaletteOption></PaletteOption>
    <BitDepth>24-bit with Alpha</BitDepth>
    <MaxColors>255</MaxColors>
    <PaletteName></PaletteName>
  </PublishPNGProperties>
  <PublishQTProperties enabled="true">
    <Width>550</Width>
    <Height>400</Height>
    <MatchMovieDim>1</MatchMovieDim>
    <UseQTSoundCompression>0</UseQTSoundCompression>
    <AlphaOption></AlphaOption>
    <LayerOption></LayerOption>
    <QTSndSettings>00000000</QTSndSettings>
    <ControllerOption>0</ControllerOption>
    <Looping>0</Looping>
    <PausedAtStart>0</PausedAtStart>
    <PlayEveryFrame>0</PlayEveryFrame>
    <Flatten>1</Flatten>
  </PublishQTProperties>
</flash_profile>
