<?xml version="1.0" encoding="UTF-8"?>
<tt xml:lang="en" xmlns:tts="http://www.w3.org/2006/04/ttaf1#styling" xmlns="http://www.w3.org/2006/04/ttaf1">
  <head/>
  <body>
    <div>
      <p begin="00:00:15.33" dur="00:00:02.29">At the left we can see the...</p>
      <p begin="00:00:18.81" dur="00:00:02.14">At the right we can see the...</p>
      <p begin="00:00:20.95" dur="00:00:01.43">head snarlers</p>
      <p begin="00:00:22.39" dur="00:00:02.60">Everything is safe, perfectly safe</p>
      <p begin="00:00:25.00" dur="00:00:02.87">Emo. Emo</p>
      <p begin="00:00:47.13" dur="00:00:01.92">Are you hurt?</p>
      <p begin="00:00:51.58" dur="00:00:02.41">I don't think so, you?</p>
      <p begin="00:00:55.94" dur="00:00:01.75">I am OK</p>
      <p begin="00:00:57.75" dur="00:00:04.37">Get up. Emo it's not safe here</p>
      <p begin="00:01:02.12" dur="00:00:03.37">Let's go.   - What's next?</p>
      <p begin="00:01:05.50" dur="00:00:03.56">You'll see, you'll see</p>
      <p begin="00:01:16.09" dur="00:00:02.86">Emo, this way</p>
      <p begin="00:01:34.96" dur="00:00:01.64">Follow me!</p>
      <p begin="00:02:11.52" dur="00:00:02.36">Hurry Emo!</p>
      <p begin="00:02:48.81" dur="00:00:02.66">You're not paying attention!</p>
      <p begin="00:02:51.63" dur="00:00:03.19">I just want to answer.. the phone..</p>
      <p begin="00:02:54.83" dur="00:00:04.92">Emo, look.. I mean... listen</p>
      <p begin="00:02:59.89" dur="00:00:03.51">You have to learn to listen</p>
      <p begin="00:03:03.41" dur="00:00:01.92">This is not some game</p>
      <p begin="00:03:05.35" dur="00:00:04.37">you... we.. can easily die out here</p>
      <p begin="00:03:10.09" dur="00:00:04.62">Listen to the sounds of the Machine</p>
      <p begin="00:03:18.35" dur="00:00:03.20">Listen to your breathing</p>
      <p begin="00:04:27.07" dur="00:00:02.84">Well, don't you ever get tired of it?</p>
      <p begin="00:04:29.91" dur="00:00:01.73">Tired?</p>
      <p begin="00:04:31.64" dur="00:00:04.02">Emo, the Machine is like my clockwork</p>
      <p begin="00:04:35.02" dur="00:00:02.98">One move out of place..</p>
      <p begin="00:04:38.00" dur="00:00:04.00">and you're ground to a pulp</p>
      <p begin="00:04:42.00" dur="00:00:01.45">But it isn't</p>
      <p begin="00:04:42.79" dur="00:00:01.44">-pulp, Emo!</p>
      <p begin="00:04:44.24" dur="00:00:03.26">Is that what you want, pulp?</p>
      <p begin="00:04:47.60" dur="00:00:03.33">Emo, your goal in life</p>
      <p begin="00:04:50.94" dur="00:00:02.34">Pulp!</p>
      <p begin="00:05:41.95" dur="00:00:02.68">Emo, close your eyes</p>
      <p begin="00:05:44.65" dur="00:00:01.00">Why?..</p>
      <p begin="00:05:45.65" dur="00:00:01.84">Now!</p>
      <p begin="00:05:51.27" dur="00:00:01.61">ok</p>
      <p begin="00:05:53.71" dur="00:00:02.61">Good</p>
      <p begin="00:05:59.89" dur="00:00:02.31">What do you see at your left side, Emo?</p>
      <p begin="00:06:02.21" dur="00:00:02.74">Well.... nothing</p>
      <p begin="00:06:04.95" dur="00:00:03.63">Really? --Nothing at all!</p>
      <p begin="00:06:08.59" dur="00:00:03.86">And.. at your right.. what do you see at your right side, Emo?</p>
      <p begin="00:06:12.45" dur="00:00:05.95">umm.. the same.. Proog, exactly the same - nothing!</p>
      <p begin="00:06:18.61" dur="00:00:01.50">Great</p>
      <p begin="00:06:41.05" dur="00:00:02.94">LIsten, Proog. Do you hear that?</p>
      <p begin="00:06:43.99" dur="00:00:01.91">Can we go here?</p>
      <p begin="00:06:45.91" dur="00:00:01.24">There.. --Yeah</p>
      <p begin="00:06:47.15" dur="00:00:02.58">It isn't safe here..</p>
      <p begin="00:06:49.74" dur="00:00:01.22">But..</p>
      <p begin="00:06:50.97" dur="00:00:02.40">Trust me Emo, it's not.</p>
      <p begin="00:06:53.37" dur="00:00:01.39">Maybe I could...</p>
      <p begin="00:06:54.77" dur="00:00:02.06">No</p>
      <p begin="00:06:56.98" dur="00:00:01.30">But..</p>
      <p begin="00:06:58.28" dur="00:00:01.32">No!</p>
      <p begin="00:06:59.61" dur="00:00:01.74">NO!</p>
      <p begin="00:07:01.35" dur="00:00:02.72">Any further questions, Emo?</p>
      <p begin="00:07:04.08" dur="00:00:02.13">No..</p>
      <p begin="00:07:09.95" dur="00:00:01.00">Emo!</p>
      <p begin="00:07:10.95" dur="00:00:01.33">..yeah..</p>
      <p begin="00:07:12.29" dur="00:00:02.79">Emo, why, Emo..</p>
      <p begin="00:07:15.08" dur="00:00:04.00">Why, why can't you see the beauty of this place?</p>
      <p begin="00:07:19.08" dur="00:00:03.89">The way it works, how perfect it is?</p>
      <p begin="00:07:25.14" dur="00:00:02.48">No Proog, I don't see..</p>
      <p begin="00:07:27.63" dur="00:00:03.95">I don't see, because there's nothing there</p>
      <p begin="00:07:31.59" dur="00:00:04.25">And why should I trust my life to something that isn't there?</p>
      <p begin="00:07:35.84" dur="00:00:01.43">Well can you tell me that?</p>
      <p begin="00:07:37.27" dur="00:00:03.04">Emo...  --Answer me!</p>
      <p begin="00:07:44.12" dur="00:00:05.04">Proog, you're a sick man! Stay away from me!</p>
      <p begin="00:07:51.33" dur="00:00:02.05">No, Emo!</p>
      <p begin="00:07:53.65" dur="00:00:02.67">It's a trap!</p>
      <p begin="00:07:56.33" dur="00:00:01.67">Hah, it's a trap.</p>
      <p begin="00:07:58.00" dur="00:00:04.58">At the left side you can see the Hanging Gardens of Babylon</p>
      <p begin="00:08:02.59" dur="00:00:02.71">How's that for a trap?</p>
      <p begin="00:08:05.91" dur="00:00:02.65">No, Emo!</p>
      <p begin="00:08:09.67" dur="00:00:03.51">At the right side you can see...well guess what...</p>
      <p begin="00:08:13.18" dur="00:00:02.63">the colossus of Rhodes!</p>
      <p begin="00:08:15.81" dur="00:00:01.15">NO!</p>
      <p begin="00:08:16.97" dur="00:00:03.86">The colossus of Rhodes and it is here just for you Proog.</p>
      <p begin="00:08:20.83" dur="00:00:02.96">Just for you!</p>
      <p begin="00:08:51.62" dur="00:00:02.36">It is there</p>
      <p begin="00:08:53.99" dur="00:00:02.84">I'm telling you, Emo...</p>
      <p begin="00:08:56.83" dur="00:00:06.24">It is... it is...</p>
    </div>
  </body>
</tt>
